,cpu_usage,memory_usage,network_receive_bytes,network_transmit_bytes,cpu_usage_diff,memory_usage_diff,network_receive_bytes_diff,network_transmit_bytes_diff,cpu_usage_rolling_mean,cpu_usage_rolling_std,memory_usage_rolling_mean,memory_usage_rolling_std,network_receive_bytes_rolling_mean,network_receive_bytes_rolling_std,network_transmit_bytes_rolling_mean,network_transmit_bytes_rolling_std,cpu_usage_lag1,memory_usage_lag1,network_receive_bytes_lag1,network_transmit_bytes_lag1,net_rx_tx_ratio,hour_of_day
2025-04-23 10:35:44,-1.9859452370376949,0.042038694778883334,-2.9319835936784533,-2.8212746236746744,-0.04563183438937545,0.017664643783469613,-0.028176172701352614,-0.029039519966744438,-2.035788679236224,-1.1465744043048425,-0.007937111671449434,-1.0442883651466512,-3.3234751754223493,-0.5481074521669226,-3.166832824528248,-0.5507060369682344,-1.953655867150269,0.03811287231904265,-2.8492311492489715,-2.746238028748808,0.1840264885829369,-0.9258200997725518
2025-04-23 10:35:59,-1.9859452370376949,0.042038694778883334,-2.9319835936784533,-2.8212746236746744,-0.04563183438937545,0.017664643783469613,-0.028176172701352614,-0.029039519966744438,-2.035788679236224,-1.1465744043048425,-0.007937111671449434,-1.0442883651466512,-3.3234751754223493,-0.5481074521669226,-3.166832824528248,-0.5507060369682344,-1.953655867150269,0.03811287231904265,-2.8492311492489715,-2.746238028748808,0.1840264885829369,-0.9258200997725518
2025-04-23 10:36:14,-1.9859452370376949,0.042038694778883334,-2.9319835936784533,-2.8212746236746744,-0.04563183438937545,0.017664643783469613,-0.028176172701352614,-0.029039519966744438,-2.035788679236224,-1.1465744043048425,-0.007937111671449434,-1.0442883651466512,-3.3234751754223493,-0.5481074521669226,-3.166832824528248,-0.5507060369682344,-1.953655867150269,0.03811287231904265,-2.8492311492489715,-2.746238028748808,0.1840264885829369,-0.9258200997725518
2025-04-23 10:36:29,-1.9859452370376949,0.042038694778883334,-2.9319835936784533,-2.8212746236746744,-0.04563183438937545,0.017664643783469613,-0.028176172701352614,-0.029039519966744438,-2.035788679236224,-1.1465744043048425,-0.007937111671449434,-1.0442883651466512,-3.3234751754223493,-0.5481074521669226,-3.166832824528248,-0.5507060369682344,-1.953655867150269,0.03811287231904265,-2.8492311492489715,-2.746238028748808,0.1840264885829369,-0.9258200997725518
2025-04-23 10:36:44,-1.9859452370376949,-0.039314533769029894,-2.9319835936784533,-2.8212746236746744,-0.04563183438937545,-0.34390245343783193,-0.028176172701352614,-0.029039519966744438,-2.035788679236224,-1.1465744043048425,-0.026321487461886995,-0.9172585715460608,-3.3234751754223493,-0.5481074521669226,-3.166832824528248,-0.5507060369682344,-1.953655867150269,0.03811287231904265,-2.8492311492489715,-2.746238028748808,0.1840264885829369,-0.9258200997725518
2025-04-23 10:36:59,-1.888496383390558,-0.039314533769029894,-2.7225159319047303,-2.6214008674297613,0.34433888969221116,0.017664643783469613,0.32473079250334147,0.332691912431207,-2.0182549592977423,-1.0422792729965795,-0.038577737988843855,-0.8976069940858449,-3.2819930313374295,-0.4340614305898079,-3.1276415741955654,-0.4379121228490164,-1.953655867150269,-0.04334455500126008,-2.8492311492489715,-2.746238028748808,0.18402648858741974,-0.9258200997725518
2025-04-23 10:37:14,-1.7910475297434192,-0.039314533769029894,-2.513048270131007,-2.421527111184849,0.3443388896922186,0.017664643783469613,0.3247307925033406,0.3326919124312058,-1.9907019708229856,-0.9455717977901834,-0.04733220265095817,-0.8924587215973835,-3.2168068049182694,-0.32831245970584394,-3.0660553236727774,-0.33332416638079143,-1.8572378190922163,-0.04334455500126008,-2.6445077767863316,-2.5505673981558186,0.18402648859086418,-0.9258200997725518
2025-04-23 10:37:29,-1.6935986760962827,-0.039314533769029894,-2.303580608357284,-2.221653354939936,0.344338889692209,0.017664643783469613,0.3247307925033406,0.3326919124312074,-1.9568869395130568,-0.8489610305575658,-0.0538980511475422,-0.8924587215973834,-3.1368055270402095,-0.22266923833794738,-2.990472198031174,-0.22884079840823232,-1.7608197710341618,-0.04334455500126008,-2.439784404323693,-2.3548967675628303,0.18402648859357412,-0.9258200997725518
2025-04-23 10:37:44,-1.8550584334091034,-0.039314533769029894,-2.650640594894773,-2.552817519203591,-0.6917613280960242,0.017664643783469613,-0.6128959597835024,-0.6283802725924966,-1.9499537170111603,-0.863637684534962,-0.05900482220044165,-0.894582317700477,-3.1204025654436083,-0.23871806032215595,-2.9749751067329573,-0.2447134209124503,-1.6644017229761094,-0.04334455500126008,-2.2350610318610546,-2.159226136969841,0.1840264885886924,-0.9258200997725518
2025-04-23 10:37:59,-1.8550584334091034,-0.039314533769029894,-2.650640594894773,-2.552817519203591,-0.04563183438937545,0.017664643783469613,-0.028176172701352614,-0.029039519966744438,-1.9444071390096433,-0.8764400621774299,-0.06309023904275984,-0.8976069940858449,-3.107280196166327,-0.25271737379476433,-2.9625774336943835,-0.25855903639049393,-1.824153572868563,-0.04334455500126008,-2.574260363581986,-2.4834262824450115,0.1840264885886924,-0.9258200997725518
2025-04-23 10:38:14,-0.7052355105620026,-0.40352781071004623,1.8797012623577734,1.6094616860990254,4.5557283767008405,-1.6010484627954968,7.604454003453851,7.503851477135542,-1.827022850692596,-0.1670452848968999,-0.10384453088777254,-0.6040399933856746,-2.6071777588360896,1.3345183830967664,-2.507266722548733,1.2451022890921137,-1.824153572868563,-0.04334455500126008,-2.574260363581986,-2.4834262824450115,1.5211852171684157,-0.9258200997725518
2025-04-23 10:38:29,-0.5594548937887988,-0.40352781071004623,2.3312617621630123,2.0214428937639806,0.5377528905450136,0.017664643783469613,0.7326040080824883,0.7165638807472249,-1.7160876459557652,0.17369557950935902,-0.13780644075861495,-0.4889853484334916,-2.145713103455716,1.9898541553539044,-2.087450487990919,1.8682761120770488,-0.6864933779650839,-0.40802432327916127,1.8534725646028423,1.5913247609470462,1.5788165335585123,-0.9258200997725518
2025-04-23 10:38:44,-0.4136742770155932,-0.40352781071004623,2.7828222619682528,2.4334241014289377,0.5377528905450206,0.017664643783469613,0.7326040080824902,0.716563880747228,-1.6101132747421774,0.4214801602629679,-0.1665434414185587,-0.42366331273787805,-1.713969818806008,2.4447436295834493,-1.6949376969622099,2.300405509463008,-0.5422548160127002,-0.40802432327916127,2.294805549409379,1.9946424561300262,1.6292368601115301,-0.9258200997725518
2025-04-23 10:38:59,-0.26789366024239064,-0.40352781071004623,3.234382761773492,2.845405309093894,0.5377528905450084,0.017664643783469613,0.7326040080824883,0.7165638807472264,-1.5080367012968525,0.6225710828226388,-0.19117515626993936,-0.38349034592213777,-1.305579039730394,2.799971061883315,-1.3238776115635127,2.637494793782585,-0.39801625406031477,-0.40802432327916127,2.7361385342159172,2.3979601513130078,1.673719900666366,-0.9258200997725518
2025-04-23 10:39:14,-0.46682797023414513,-0.32030265379773476,-0.04834405921785008,0.07010620857810193,-0.8417269551495208,0.3875513580255397,-5.558849261722458,-5.051774559439312,-1.4338878317840076,0.6953378932245545,-0.2062535097585986,-0.3824509184257295,-1.211679638998431,2.7039000581203827,-1.2199644866423025,2.5576988622265504,-0.25377769210793233,-0.40802432327916127,3.177471519022454,2.8012778464959887,-1.404859386719956,-0.9258200997725518
2025-04-23 10:39:29,-0.09060477840746597,-0.32030265379773476,0.7111900922326299,0.8204975338285688,1.4599377545992795,0.017664643783469613,1.2514719127738443,1.3290183563721698,-1.3436227466410275,0.8371645908868401,-0.2194470690611771,-0.38442390170213836,-1.0731119904468838,2.6546309438945666,-1.0738642222659958,2.529799801668218,-0.450607692085506,-0.3246925699927786,-0.030903940827220193,0.08434023905608279,-1.4125244359558866,-0.9258200997725518
2025-04-23 10:39:44,-0.09060477840746597,-0.32030265379773476,0.7116667932910788,0.8412650151361623,-0.04563183438937545,0.017664643783469613,-0.027373036205615972,0.008545458180603873,-1.2639770832795747,0.933134286609219,-0.23108844491639158,-0.3883873133235397,-0.9508130991420028,2.604154411491792,-0.9435150166967712,2.4980933573175013,-0.07836415681058392,-0.3246925699927786,0.7114273177011886,0.8189516585930823,-1.6010675689005764,-0.9258200997725518
2025-04-23 10:39:59,-0.09060477840746597,-0.32030265379773476,0.7121434943495267,0.8620324964437549,-0.04563183438937545,0.017664643783469613,-0.027373036205617787,0.008545458180602308,-1.1931809380693943,0.9988337533064142,-0.2414363345654739,-0.39367000464243446,-0.8420715055426774,2.553565165531677,-0.8262916934667821,2.4642341960962733,-0.07836415681058392,-0.3246925699927786,0.7118932218293762,0.8392824225694477,-1.7880487988176987,-0.9258200997725518
2025-04-23 10:40:14,-0.3300956005962762,-0.11449428955860429,0.49135481853520063,0.6657639765640967,-1.0040259646892205,0.9323613825610911,-0.4001565579952281,-0.3842461972440746,-1.1434446913824685,1.0038267077714138,-0.23845575890353862,-0.41072771548020615,-0.7585840100351292,2.493724446427469,-0.7335606154747746,2.4175297706612686,-0.07836415681058392,-0.3246925699927786,0.7123591259575628,0.8596131865458124,-2.011878514040753,-0.9258200997725518
2025-04-23 10:40:29,-0.3300956005962762,-0.11449428955860429,0.5216185313666718,0.708507580190954,-0.04563183438937545,0.017664643783469613,0.02281153089328694,0.048317834276638695,-1.0986820693642356,1.0021831039261913,-0.2357732408077996,-0.4265124702465933,-0.6816472724185414,2.4376741022732844,-0.6475882952722423,2.3734676889816293,-0.31532166568879827,-0.11862060246114235,0.496571152140884,0.6674719781555148,-2.1294444568667963,-0.9258200997725518
2025-04-23 10:40:44,-0.23072210406949664,-0.11449428955860429,4.6310464103699145,4.783624600204888,0.35204092362367645,0.017664643783469613,6.895306474816901,7.346105394169169,-1.0039382431686594,0.9920213008794817,-0.24461665507366356,-0.4475649337405712,-0.23232154210307107,2.7463504437566253,-0.20023765529224616,2.73575540271645,-0.31532166568879827,-0.11862060246114235,0.5261494140149888,0.7093167307264107,-1.9007503696827517,-0.9258200997725518
2025-04-23 10:40:59,-0.23072210406949664,-0.11449428955860429,4.710193101567575,4.893448611177463,-0.04563183438937545,0.017664643783469613,0.10516860405340989,0.1697199247305326,-0.9091944169730828,0.9554687505946238,-0.2534600693395275,-0.47075674768130116,0.2217063571586283,2.9625963614774915,0.2535732730028775,2.9953169975879113,-0.21699933345788167,-0.11862060246114235,4.542501757654269,4.698738513890822,-2.0573862605550155,-0.9258200997725518
2025-04-23 10:41:14,-0.5052272665758955,-0.1772881913897468,3.671473797375838,3.7800377768343503,-1.1441463164004106,-0.261417197386655,-1.7781898704616508,-2.0440899373953343,-0.829267891733604,0.8669139993804855,-0.2658510585118145,-0.4992170669347532,0.6140231023327618,2.9894379553176305,0.6418889153460119,3.037804521719804,-0.21699933345788167,-0.11862060246114235,4.61985583419305,4.806253046488705,-1.6324507116347602,-0.9258200997725518
2025-04-23 10:41:29,-0.5052272665758955,-0.1772881913897468,3.733850869384664,3.865921307196849,-0.04563183438937545,0.017664643783469613,0.07691548199410725,0.12639245390056164,-0.7493413664941252,0.7535249847163327,-0.27824204768409916,-0.5322527645764613,1.0100457198120807,2.9633206746697605,1.0352565710216535,3.0263601864318295,-0.48860080397454536,-0.18149493192375246,3.6046627624057077,3.7162560195752334,-1.7707527021571152,-0.9258200997725518
2025-04-23 10:41:44,-1.4957687405436813,-0.1772881913897468,0.21583336874906678,0.7115312875840726,-4.009579704261604,0.017664643783469613,-5.955262335659871,-5.737853130985136,-0.7228825101147371,0.6618431644239908,-0.286036942908775,-0.5484738455831991,1.197060071835682,2.777843959324702,1.2430703682596511,2.8330523350951804,-0.48860080397454536,-0.18149493192375246,3.6656270393631054,3.800333513585956,-5.036334777167809,-0.9258200997725518
2025-04-23 10:41:59,-1.4260874366277487,-0.1772881913897468,0.49924817828342843,1.0120930456523765,0.23321873722885353,0.017664643783469613,0.4493154815229787,0.5149170119596984,-0.6979224967349633,0.5766838684526439,-0.2938318381334508,-0.5665204461972864,1.3884676837239833,2.5850355550156525,1.4568070371528792,2.6301461859228996,-1.4686644154598953,-0.18149493192375246,0.22729006164518245,0.7122768528727881,-5.012406804084293,-0.9258200997725518
2025-04-23 10:42:14,-1.2985077606687911,-0.15881532787687438,0.8112717405598738,1.2698118482918486,0.4649163839812835,0.0997656219122092,0.49751494115797795,0.4373798508706605,-0.6713360751005224,0.490756144450908,-0.3005830991016634,-0.5853316873900807,1.5859682246191618,2.38310455255697,1.673946383420585,2.415525191643386,-1.3997201943811945,-0.18149493192375246,0.5042857330649011,1.0065181271564363,-4.411293414705008,-0.9258200997725518
2025-04-23 10:42:29,-1.2985077606687911,-0.15881532787687438,0.8611025925937619,1.300874280425976,-0.04563183438937545,0.017664643783469613,0.0557778592285994,0.02717725546561336,-0.6500097694476268,0.4208439066578544,-0.3073343600698737,-0.6059916415356646,1.773984613516637,2.173459564105545,1.8811555712925427,2.186738286324643,-1.273490045257188,-0.1629984080136848,0.8092421899047388,1.258817386326531,-4.240053314946352,-0.9258200997725518
2025-04-23 10:42:44,-1.2985077606687911,-0.15881532787687438,0.9075382022057253,1.3198625476013268,-0.04563183438937545,0.017664643783469613,0.0500576220850256,0.005325437259947276,-0.6199681529621089,0.30225402971224785,-0.3140856210380863,-0.628775980265601,1.985378894082019,1.873132341867199,2.1089621280031206,1.8562359844296001,-1.273490045257188,-0.1629984080136848,0.8579444095919213,1.2892266096164013,-4.0026773441986006,-0.9258200997725518
2025-04-23 10:42:59,-1.2985077606687911,-0.15881532787687438,0.9531009260419204,1.338824234824711,-0.04563183438937545,0.017664643783469613,0.048587001429367796,0.005277332875066725,-0.5899265364765911,0.1687975125613169,-0.32083688200629884,-0.6540566336824017,2.1994800929264366,1.4994928899182336,2.3378840871226942,1.4343122398158663,-1.273490045257188,-0.1629984080136848,0.9033282866143756,1.3078155743803215,-3.7740081875742924,-0.9258200997725518
2025-04-23 10:43:14,-1.0668199244777228,0.4877435413940502,0.4997815050920247,0.6182370898064473,0.8815363144273379,2.8912373060815986,-0.791919748970391,-1.3331578045884198,-0.6094442207092098,0.19150546937348836,-0.270484032584095,-0.3782564410672113,2.117497943922891,1.5302921861025258,2.2795762852095494,1.4701001903972093,-1.273490045257188,-0.1629984080136848,0.9478590480853563,1.3263785181394827,-1.4748439815598007,-0.9258200997725518
2025-04-23 10:43:29,-1.0668199244777228,0.4877435413940502,0.5285012687594368,0.6376484815194272,-0.04563183438937545,0.017664643783469613,0.020210315940560955,0.006091207854120501,-0.6368308836254033,0.20999377564879093,-0.22013118316189115,-0.21727675233454663,2.0103944847472897,1.5442254573382506,2.1981759539632737,1.500448432823727,-1.0442529830622242,0.48438858623344644,0.5048069804114176,0.6209445296464886,-1.388051149961372,-0.9258200997725518
2025-04-23 10:43:44,-1.0668199244777228,0.4877435413940502,0.5572210324268495,0.6570598732324062,-0.04563183438937545,0.017664643783469613,0.02021031594056186,0.006091207854118937,-0.6720865252251715,0.2158722608828186,-0.16977833373968956,-0.10976717451428233,1.8781697153996344,1.5273622829064408,2.0936830933838664,1.513410242547135,-1.0442529830622242,0.48438858623344644,0.5328762624406121,0.639947721103561,-1.3019590112691992,-0.9258200997725518
2025-04-23 10:43:59,-1.0668199244777228,0.4877435413940502,0.5833374178324588,0.6764712649453861,-0.04563183438937545,0.017664643783469613,0.015824195840336553,0.006091207854120501,-0.7152111455085145,0.19979175507634037,-0.11942548431748569,-0.03843376932400128,1.7206689670715023,1.4630622423425308,1.9660977034713276,1.4958960777429402,-1.0442529830622242,0.48438858623344644,0.5609455444698074,0.6589509125606327,-1.2412438861381627,-0.9258200997725518
2025-04-23 10:44:14,-0.8588757176697741,0.5032853022947702,-0.007225243244021889,-0.0674155237261796,0.7865190823479538,0.08673860034158307,-1.023144439969486,-1.3753254889878832,-0.7363731863600361,0.18819306778072808,-0.07289644437789176,0.026472190321942375,1.7231118691897354,1.4604922256569108,1.9580081242216378,1.5062556660641204,-1.0442529830622242,0.48438858623344644,0.5864704128504267,0.6779541040177051,0.6179671397332117,-0.9258200997725518
2025-04-23 10:44:29,-0.8588757176697741,0.5032853022947702,-0.007225243244021889,-0.0674155237261796,-0.04563183438937545,0.017664643783469613,-0.028176172701352614,-0.029039519966744438,-0.7778430866669499,0.11833256281701543,-0.026367404438300112,0.06827262440015636,1.680430232979104,1.491895871055645,1.905777520915749,1.5549961797051552,-0.8385083921817392,0.49995025331902876,0.009283564043704638,-0.05028956220330034,0.6179671397332117,-0.9258200997725518
2025-04-23 10:44:44,-0.8588757176697741,0.5032853022947702,-0.007225243244021889,-0.0674155237261796,-0.04563183438937545,0.017664643783469613,-0.028176172701352614,-0.029039519966744438,-0.8193129869738642,0.0353836786809301,0.020161635501291544,0.08952591985747917,1.6377202755729854,1.5216680191639458,1.8523252911582508,1.601388489018179,-0.8385083921817392,0.49995025331902876,0.009283564043704638,-0.05028956220330034,0.6179671397332117,-0.9258200997725518
2025-04-23 10:44:59,-0.8588757176697741,0.5032853022947702,-0.007225243244021889,-0.0674155237261796,-0.04563183438937545,0.017664643783469613,-0.028176172701352614,-0.029039519966744438,-0.860782887280778,-0.06365703537789562,0.06669067544088547,0.09138623587319082,1.5949819969713765,1.5498758242474002,1.7976514349491413,1.6454320343659692,-0.8385083921817392,0.49995025331902876,0.009283564043704638,-0.05028956220330034,0.6179671397332117,-0.9258200997725518
2025-04-23 10:45:14,-0.5678288080209097,0.6061894844143354,-0.10913644800947536,-0.1443976494673667,1.119079394625788,0.47501301317228034,-0.19987415075479345,-0.168361735832228,-0.873615303434653,-0.10037208935063031,0.10740608884019999,0.1391378384341651,1.559306325085398,1.576533596021059,1.7499944823422766,1.6865091349708814,-0.8385083921817392,0.49995025331902876,0.009283564043704638,-0.05028956220330034,0.38372522613055055,-0.9258200997725518
2025-04-23 10:45:29,-0.5678288080209097,0.6061894844143354,-0.10913644800947536,-0.1443976494673667,-0.04563183438937545,0.017664643783469613,-0.028176172701352614,-0.029039519966744438,-0.8864477195885283,-0.13943776747585213,0.1481215022395145,0.17140631852466065,1.521832661539623,1.6029194119976344,1.699823179725686,1.7265840726684873,-0.5505401517005808,0.6029862370848469,-0.09031942648307195,-0.1256528383590225,0.38372522613055055,-0.9258200997725518
2025-04-23 10:45:44,-0.5678288080209097,0.6061894844143354,-0.10913644800947536,-0.1443976494673667,-0.04563183438937545,0.017664643783469613,-0.028176172701352614,-0.029039519966744438,-0.904644140527059,-0.20585302493375066,0.18883691563882904,0.18940720230771008,1.2402145635643274,1.331282579316261,1.4099371677843053,1.4663488544950813,-0.5505401517005808,0.6029862370848469,-0.09031942648307195,-0.1256528383590225,0.38372522613055055,-0.9258200997725518
2025-04-23 10:45:59,-0.5678288080209097,0.6061894844143354,-0.10913644800947536,-0.1443976494673667,-0.04563183438937545,0.017664643783469613,-0.028176172701352614,-0.029039519966744438,-0.9228405614655901,-0.27969574796144203,0.22955232903814585,0.19376298559420047,0.9538942966428012,0.9241960087903679,1.1135908675277983,1.0673072229132583,-0.5505401517005808,0.6029862370848469,-0.09031942648307195,-0.1256528383590225,0.38372522613055055,-0.9258200997725518
2025-04-23 10:46:14,-0.20892510492449817,0.7247737685608578,-0.12197560637844723,-0.15761864481461083,1.3906286420947653,0.5447018144062935,-0.04980733226750529,-0.0529668712835684,-0.9068466972225862,-0.20952348050345185,0.28051479959400977,0.1932805680404104,0.7285223990244805,0.5982709962785714,0.8819621413094663,0.7731638822635777,-0.5505401517005808,0.6029862370848469,-0.09031942648307195,-0.1256528383590225,0.3960365744970255,-0.9258200997725518
2025-04-23 10:46:29,-0.20892510492449817,0.7247737685608578,-0.12197560637844723,-0.15761864481461083,-0.04563183438937545,0.017664643783469613,-0.028176172701352614,-0.029039519966744438,-0.8908528329795821,-0.14583740335771578,0.3314772701498737,0.1715129906152805,0.4994446291009717,-0.01323170688932435,0.645281401758628,0.26941656498011496,-0.19543290109435904,0.7217224062524473,-0.10286778730698395,-0.1385958106894786,0.3960365744970255,-0.9258200997725518
2025-04-23 10:46:44,-0.20892510492449817,0.7247737685608578,-0.12197560637844723,-0.15761864481461083,-0.04563183438937545,0.017664643783469613,-0.028176172701352614,-0.029039519966744438,-0.8213912998764874,-0.1270028732668047,0.3824397407057377,0.1272744218688872,0.4793751246331816,0.0001977137692052442,0.5941545206454327,0.2821405507747935,-0.19543290109435904,0.7217224062524473,-0.10286778730698395,-0.1385958106894786,0.3960365744970255,-0.9258200997725518
2025-04-23 10:46:59,-0.20892510492449817,0.7247737685608578,-0.12197560637844723,-0.15761864481461083,-0.04563183438937545,0.017664643783469613,-0.028176172701352614,-0.029039519966744438,-0.7556910397553233,-0.12135551385270799,0.43340221126160167,0.05786232606165849,0.4424677170752155,0.0069775025179673635,0.5253473927772015,0.2706284831740871,-0.19543290109435904,0.7217224062524473,-0.10286778730698395,-0.1385958106894786,0.3960365744970255,-0.9258200997725518
2025-04-23 10:47:14,-0.13594468618901795,0.9419823062339796,-0.003506665996951414,-0.056777509058133044,0.24642113158093013,0.9830284266344556,0.17141795016718345,0.15346272128362665,-0.69293795053205,-0.09947983903975839,0.4955923595075305,0.013006505087214359,0.3940610728631122,-0.019316264116146006,0.4473120920413662,0.21643507067700984,-0.19543290109435904,0.7217224062524473,-0.10286778730698395,-0.1385958106894786,0.5337745947628111,-0.9258200997725518
2025-04-23 10:47:29,-0.13594468618901795,0.9419823062339796,-0.003506665996951414,-0.056777509058133044,-0.04563183438937545,0.017664643783469613,-0.028176172701352614,-0.029039519966744438,-0.6301848613087767,-0.1011788127407761,0.5577825077534571,-0.07307259741099922,0.3426939374232382,-0.059693027250049026,0.3674495746014745,0.14055297070681563,-0.12322446294880594,0.9392091487784314,0.012917918236312534,-0.03987525330421937,0.5337745947628111,-0.9258200997725518
2025-04-23 10:47:44,-0.13594468618901795,0.9419823062339796,-0.003506665996951414,-0.056777509058133044,-0.04563183438937545,0.017664643783469613,-0.028176172701352614,-0.029039519966744438,-0.5674317720855034,-0.12657022975376128,0.6199726559993837,-0.2130850081049038,0.28856802485430644,-0.11945899944361203,0.28647009121332556,0.03586744411757861,-0.12322446294880594,0.9392091487784314,0.012917918236312534,-0.03987525330421937,0.5337745947628111,-0.9258200997725518
2025-04-23 10:47:59,-0.13594468618901795,0.9419823062339796,-0.003506665996951414,-0.056777509058133044,-0.04563183438937545,0.017664643783469613,-0.028176172701352614,-0.029039519966744438,-0.5046786828622302,-0.17751468048601635,0.6821628042453103,-0.4436309732831991,0.23173519400633777,-0.2108435774057381,0.20437520541617915,-0.11903541135376161,-0.12322446294880594,0.9392091487784314,0.012917918236312534,-0.03987525330421937,0.5337745947628111,-0.9258200997725518
2025-04-23 10:48:14,-0.232418801366747,0.8747312262418796,-0.09198661628149486,-0.11689555151927804,-0.43170185104877284,-0.2812267242883003,-0.1772454393937517,-0.13784112564520035,-0.4596391927253073,-0.21007968727030513,0.7040258794775477,-0.4359222223849531,0.1965777712311746,-0.2379891031968721,0.16113175827954795,-0.15942935698771557,-0.12322446294880594,0.9392091487784314,0.012917918236312534,-0.03987525330421937,0.24992721483127925,-0.9258200997725518
2025-04-23 10:48:29,-0.232418801366747,0.8747312262418796,-0.09198661628149486,-0.11689555151927804,-0.04563183438937545,0.017664643783469613,-0.028176172701352614,-0.029039519966744438,-0.41459970258838447,-0.2578764138098845,0.7258889547097851,-0.4361596324836038,0.15971408406496265,-0.27874120122070073,0.11674645531418432,-0.21626235917718217,-0.21867808323711072,0.8718719323157559,-0.07355802589842395,-0.09872907933615864,0.24992721483127925,-0.9258200997725518
2025-04-23 10:48:44,-0.232418801366747,0.8747312262418796,-0.09198661628149486,-0.11689555151927804,-0.04563183438937545,0.017664643783469613,-0.028176172701352614,-0.029039519966744438,-0.3695602124514616,-0.3235543327656645,0.7477520299420226,-0.44435263700983085,0.12114413250770066,-0.3425681402105057,0.07121929652008924,-0.301532914354771,-0.21867808323711072,0.8718719323157559,-0.07355802589842395,-0.09872907933615864,0.24992721483127925,-0.9258200997725518
2025-04-23 10:48:59,-0.232418801366747,0.8747312262418796,-0.09198661628149486,-0.11689555151927804,-0.04563183438937545,0.017664643783469613,-0.028176172701352614,-0.029039519966744438,-0.3245207223145383,-0.4118934432249118,0.76961510517426,-0.4608362841041506,0.08102258536780882,-0.4782677818546219,0.024550281897261717,-0.493501121055667,-0.21867808323711072,0.8718719323157559,-0.07355802589842395,-0.09872907933615864,0.24992721483127925,-0.9258200997725518
2025-04-23 10:49:14,-0.3407647312360321,0.8860622291127521,-0.0979285329190514,-0.1209971176980322,-0.47921046708845005,0.06802426551888419,-0.03818699609195585,-0.03646253255623989,-0.29655401179968405,-0.46811772924514305,0.7912402913903988,-0.48013474826458663,0.07563382955784519,-0.48029803084239975,0.0213983978750267,-0.49500489315283297,-0.21867808323711072,0.8718719323157559,-0.07355802589842395,-0.09872907933615864,0.2313281042087149,-0.9258200997725518
2025-04-23 10:49:29,-0.3407647312360321,0.8860622291127521,-0.0979285329190514,-0.1209971176980322,-0.04563183438937545,0.017664643783469613,-0.028176172701352614,-0.029039519966744438,-0.2685873012848302,-0.5373611115555164,0.8128654776065353,-0.5088246647470341,0.07024507374788157,-0.48297956544933884,0.018246513852791683,-0.49681763697366854,-0.32587793918265123,0.8832174481520038,-0.07936536247072265,-0.10274439408129357,0.2313281042087149,-0.9258200997725518
2025-04-23 10:49:44,-0.3407647312360321,0.8860622291127521,-0.0979285329190514,-0.1209971176980322,-0.04563183438937545,0.017664643783469613,-0.028176172701352614,-0.029039519966744438,-0.2406205907699755,-0.6247811090608623,0.8344906638226717,-0.548533845362484,0.06485631793791666,-0.4863972295686676,0.015094629830555652,-0.4989718210231291,-0.32587793918265123,0.8832174481520038,-0.07936536247072265,-0.10274439408129357,0.2313281042087149,-0.9258200997725518
2025-04-23 10:49:59,-0.3407647312360321,0.8860622291127521,-0.0979285329190514,-0.1209971176980322,-0.04563183438937545,0.017664643783469613,-0.028176172701352614,-0.029039519966744438,-0.2126538802551217,-0.7419935339830384,0.8561158500388104,-0.6022218410086494,0.05946756212795303,-0.49068230562945236,0.011942745808320636,-0.5015122796530485,-0.32587793918265123,0.8832174481520038,-0.07936536247072265,-0.10274439408129357,0.2313281042087149,-0.9258200997725518
2025-04-23 10:50:14,-0.3305174806601623,0.949042026832276,0.003100485619942083,-0.03876426159901785,-0.004624397386705214,0.2975726824868345,0.14203551548142695,0.1197854652925604,-0.1998442364375363,-0.7770175334436933,0.8754854869082485,-0.6213997771139851,0.06613564914392615,-0.4855873101023513,0.018156524883495496,-0.49635860052920194,-0.32587793918265123,0.8832174481520038,-0.07936536247072265,-0.10274439408129357,0.39566155489368415,-0.9258200997725518
2025-04-23 10:50:29,-0.3305174806601623,0.949042026832276,0.003100485619942083,-0.03876426159901785,-0.04563183438937545,0.017664643783469613,-0.028176172701352614,-0.029039519966744438,-0.18703459261995137,-0.81882176007667,0.8948551237776887,-0.6509633138975498,0.07280373615989799,-0.4817601336063749,0.024370303958671374,-0.4926109026942012,-0.31573908314166843,0.9462779116020076,0.019375422702293532,-0.02224080466237904,0.39566155489368415,-0.9258200997725518
2025-04-23 10:50:44,-0.3305174806601623,0.949042026832276,0.003100485619942083,-0.03876426159901785,-0.04563183438937545,0.017664643783469613,-0.028176172701352614,-0.029039519966744438,-0.17422494880236644,-0.8704689432506049,0.9142247606471267,-0.6935287239120966,0.07947182317587112,-0.4789898494592781,0.030584083033847253,-0.49000819437679455,-0.31573908314166843,0.9462779116020076,0.019375422702293532,-0.02224080466237904,0.39566155489368415,-0.9258200997725518
2025-04-23 10:50:59,-0.3305174806601623,0.949042026832276,0.003100485619942083,-0.03876426159901785,-0.04563183438937545,0.017664643783469613,-0.028176172701352614,-0.029039519966744438,-0.16141530498478154,-0.9391869160686265,0.9335943975165647,-0.7547750704175188,0.0861399101918436,-0.4771525570898024,0.03679786210902212,-0.4884068053974802,-0.31573908314166843,0.9462779116020076,0.019375422702293532,-0.02224080466237904,0.39566155489368415,-0.9258200997725518
2025-04-23 10:51:14,-0.31377197362153875,1.3079378167335467,-0.10682271226602101,-0.12720405556307318,0.021380318761357642,1.612744658132539,-0.213372597977899,-0.18909781852794758,-0.167074752674594,-0.9375451591022095,0.966540560811011,-0.6218528503406028,0.08704015588831941,-0.4782062888752216,0.038586970099261465,-0.49065482844813774,-0.31573908314166843,0.9462779116020076,0.019375422702293532,-0.02224080466237904,0.20422205336925325,-0.9258200997725518
2025-04-23 10:51:29,-0.31377197362153875,1.3079378167335467,-0.10682271226602101,-0.12720405556307318,-0.04563183438937545,0.017664643783469613,-0.028176172701352614,-0.029039519966744438,-0.17273420036440698,-0.9368621091784782,0.9994867241054552,-0.5430246198585165,0.08794040158479524,-0.4792917654807056,0.04037607808950081,-0.493070994927913,-0.2991707086356652,1.3056333821009751,-0.08805809516168157,-0.10882080685764565,0.20422205336925325,-0.9258200997725518
2025-04-23 10:51:44,-0.31377197362153875,1.3079378167335467,-0.10682271226602101,-0.12720405556307318,-0.04563183438937545,0.017664643783469613,-0.028176172701352614,-0.029039519966744438,-0.17839364805421992,-0.9371283864184166,1.0324328873998994,-0.49450778860958616,0.08884064728126978,-0.4804105139119857,0.042165186079739146,-0.49567744864268426,-0.2991707086356652,1.3056333821009751,-0.08805809516168157,-0.10882080685764565,0.20422205336925325,-0.9258200997725518
2025-04-23 10:51:59,-0.31377197362153875,1.3079378167335467,-0.10682271226602101,-0.12720405556307318,-0.04563183438937545,0.017664643783469613,-0.028176172701352614,-0.029039519966744438,-0.18405309574403242,-0.9383476327457468,1.0653790506943435,-0.46858724115880457,0.08974089297774432,-0.48156421228093166,0.04395429406997849,-0.49850268428793315,-0.2991707086356652,1.3056333821009751,-0.08805809516168157,-0.10882080685764565,0.20422205336925325,-0.9258200997725518
2025-04-23 10:52:14,-0.15181542793458047,1.0842920935301963,-0.12942467675547892,-0.15208952910456233,0.6024857065310375,-0.9763086303929769,-0.06625551453434309,-0.07407723857065095,-0.18490977018575688,-0.9418845512573368,1.07341891787297,-0.4657980633665372,0.08226000210283684,-0.48087887339223523,0.03834765920075143,-0.49671140755166393,-0.2991707086356652,1.3056333821009751,-0.08805809516168157,-0.10882080685764565,0.2441570773034707,-0.9258200997725518
2025-04-23 10:52:29,-0.15181542793458047,1.0842920935301963,-0.12942467675547892,-0.15208952910456233,-0.04563183438937545,0.017664643783469613,-0.028176172701352614,-0.029039519966744438,-0.1857664446274809,-0.9455063251038249,1.0814587850515986,-0.46414109044292984,0.07477911122792809,-0.4813022251319084,0.032741024331525384,-0.4958034807782127,-0.13892732535375069,1.0817012091743143,-0.11014814168905959,-0.13318296621238215,0.2441570773034707,-0.9258200997725518
2025-04-23 10:52:44,-0.15181542793458047,1.0842920935301963,-0.12942467675547892,-0.15208952910456233,-0.04563183438937545,0.017664643783469613,-0.028176172701352614,-0.029039519966744438,-0.18662311906920442,-0.9492176258733548,1.0894986522302252,-0.4636066300813981,0.06729822035301805,-0.4828558434516512,0.027134389462298316,-0.4957351169999359,-0.13892732535375069,1.0817012091743143,-0.11014814168905959,-0.13318296621238215,0.2441570773034707,-0.9258200997725518
2025-04-23 10:52:59,-0.15181542793458047,1.0842920935301963,-0.12942467675547892,-0.15208952910456233,-0.04563183438937545,0.017664643783469613,-0.028176172701352614,-0.029039519966744438,-0.18747979351092842,-0.9530236034839327,1.0975385194088518,-0.4641915796613663,0.059817329478110574,-0.4856239819827404,0.021527754593072268,-0.49650313940988855,-0.13892732535375069,1.0817012091743143,-0.11014814168905959,-0.13318296621238215,0.2441570773034707,-0.9258200997725518
2025-04-23 10:53:14,0.018513871271694203,1.025713272889096,-0.0011074646106932484,-0.04250234358565376,0.6359917831064225,-0.24268364866783423,0.18801012325520938,0.16929131813308607,-0.1739348936764305,-0.8884617089618491,1.1060683304953818,-0.4766777895993606,0.0652165333914992,-0.48092717723773326,0.025903861126446468,-0.49255683482558726,-0.13892732535375069,1.0817012091743143,-0.11014814168905959,-0.13318296621238215,0.39261833122328743,-0.9258200997725518
2025-04-23 10:53:29,0.018513871271694203,1.025713272889096,-0.0011074646106932484,-0.04250234358565376,-0.04563183438937545,0.017664643783469613,-0.028176172701352614,-0.029039519966744438,-0.16038999384193262,-0.840788913907851,1.1145981415819097,-0.49076452632434886,0.07061573730488782,-0.47708012193727745,0.030279967659820668,-0.4893134659543918,0.029600245181169965,1.02304735965842,0.015262779466216354,-0.02590027888888574,0.39261833122328743,-0.9258200997725518
2025-04-23 10:53:44,0.018513871271694203,1.025713272889096,-0.0011074646106932484,-0.04250234358565376,-0.04563183438937545,0.017664643783469613,-0.028176172701352614,-0.029039519966744438,-0.14684509400743423,-0.8029034564219493,1.12312795266844,-0.5065775650461551,0.07601494121827644,-0.4739504501628883,0.03465607419319487,-0.486666140799437,0.029600245181169965,1.02304735965842,0.015262779466216354,-0.02590027888888574,0.39261833122328743,-0.9258200997725518
2025-04-23 10:53:59,0.018513871271694203,1.025713272889096,-0.0011074646106932484,-0.04250234358565376,-0.04563183438937545,0.017664643783469613,-0.028176172701352614,-0.029039519966744438,-0.13330019417293681,-0.7718251196605375,1.1316577637549676,-0.524274366610517,0.08141414513166507,-0.47145024598519863,0.03903218072656907,-0.48454327337202147,0.029600245181169965,1.02304735965842,0.015262779466216354,-0.02590027888888574,0.39261833122328743,-0.9258200997725518
2025-04-23 10:54:14,-0.15706401969295095,0.6964830082453332,-0.10365637455707954,-0.12394325272888225,-0.7482592610816555,-1.4455696153773454,-0.20094854380521773,-0.17643123998862317,-0.12338435614668565,-0.7771532835402835,1.1209473847672682,-0.46778865411619097,0.08107384942666729,-0.4712113148515622,0.038858877260906206,-0.4844265640393644,0.029600245181169965,1.02304735965842,0.015262779466216354,-0.02590027888888574,0.20135301880680903,-0.9258200997725518
2025-04-23 10:54:29,-0.15706401969295095,0.6964830082453332,-0.10365637455707954,-0.12394325272888225,-0.04563183438937545,0.017664643783469613,-0.028176172701352614,-0.029039519966744438,-0.1134685181204345,-0.7842399665256767,1.1102370057795665,-0.41820268884352507,0.08073355372167142,-0.4709751146555504,0.038685573795242324,-0.4843107172000214,-0.1441203979601059,0.6933954105895681,-0.08496347268563388,-0.10562857512701401,0.20135301880680903,-0.9258200997725518
2025-04-23 10:54:44,-0.15706401969295095,0.6964830082453332,-0.10365637455707954,-0.12394325272888225,-0.04563183438937545,0.017664643783469613,-0.028176172701352614,-0.029039519966744438,-0.10355268009418381,-0.7931909477837119,1.0995266267918649,-0.3739834864274559,0.08039325801667427,-0.47074162038425654,0.038512270329579455,-0.48419572834715147,-0.1441203979601059,0.6933954105895681,-0.08496347268563388,-0.10562857512701401,0.20135301880680903,-0.9258200997725518
2025-04-23 10:54:59,-0.15706401969295095,0.6964830082453332,-0.10365637455707954,-0.12394325272888225,-0.04563183438937545,0.017664643783469613,-0.028176172701352614,-0.029039519966744438,-0.09363684206793219,-0.8041523955303244,1.0888162478041632,-0.3341278298402735,0.0800529623116784,-0.47051080761067016,0.03833896686391557,-0.4840815930382911,-0.1441203979601059,0.6933954105895681,-0.08496347268563388,-0.10562857512701401,0.20135301880680903,-0.9258200997725518
2025-04-23 10:55:14,-0.11370065445114624,0.10990366351866131,-0.10438159984338656,-0.12435192506466626,0.12789963682929795,-2.5893344237198708,-0.02939801789078709,-0.0297791349726456,-0.08193345500973828,-0.8135807058713357,1.0414086793318071,-0.043249895113527434,0.07366736467147482,-0.4730990893201024,0.03330435760761918,-0.48637979970463185,-0.1441203979601059,0.6933954105895681,-0.08496347268563388,-0.10562857512701401,0.19797943818203306,-0.9258200997725518
2025-04-23 10:55:29,-0.11370065445114624,0.10990366351866131,-0.10438159984338656,-0.12435192506466626,-0.04563183438937545,0.017664643783469613,-0.028176172701352614,-0.029039519966744438,-0.07023006795154389,-0.8259245229359321,0.9940011108594511,0.1617995928813407,0.06728176703127059,-0.47653142743434035,0.028269748351321768,-0.4893607444039128,-0.10121572666471343,0.10606476380985529,-0.08567227214971697,-0.10602865353225889,0.19797943818203306,-0.9258200997725518
2025-04-23 10:55:44,-0.11370065445114624,0.10990366351866131,-0.10438159984338656,-0.12435192506466626,-0.04563183438937545,0.017664643783469613,-0.028176172701352614,-0.029039519966744438,-0.058526680893349045,-0.8415375839542671,0.9465935423870951,0.32027692019086657,0.06089616939106829,-0.48093708887278547,0.02323513909502537,-0.4931303746889267,-0.10121572666471343,0.10606476380985529,-0.08567227214971697,-0.10602865353225889,0.19797943818203306,-0.9258200997725518
2025-04-23 10:55:59,-0.11370065445114624,0.10990366351866131,-0.10438159984338656,-0.12435192506466626,-0.04563183438937545,0.017664643783469613,-0.028176172701352614,-0.029039519966744438,-0.04682329383515466,-0.8609555162048012,0.8991859739147369,0.44710319471636806,0.05451057175086407,-0.48652461638777333,0.01820052983872796,-0.49785718928174866,-0.10121572666471343,0.10606476380985529,-0.08567227214971697,-0.10602865353225889,0.19797943818203306,-0.9258200997725518
2025-04-23 10:56:14,0.2670721809718174,0.019869529299358465,0.002437305103172269,-0.039709584370896736,1.4781445137468083,-0.38248395685054176,0.15179020135356436,0.12414614940725528,-0.015470358361676154,-0.7916202199413683,0.8264158704332629,0.5273780558468275,0.06100179776377298,-0.4810917939687213,0.023347305164774648,-0.49332718646183615,-0.10121572666471343,0.10606476380985529,-0.08567227214971697,-0.10602865353225889,0.3993565320954554,-0.9258200997725518
2025-04-23 10:56:29,0.2670721809718174,0.019869529299358465,0.002437305103172269,-0.039709584370896736,-0.04563183438937545,0.017664643783469613,-0.028176172701352614,-0.029039519966744438,0.015882577111802826,-0.7488268744742963,0.7536457669517891,0.5711278085304289,0.06749302377668254,-0.47684735468592804,0.02849408049082032,-0.4897578864993964,0.27552932646799677,0.015915312148008936,0.018727262739104102,-0.0231662483342376,0.3993565320954554,-0.9258200997725518
2025-04-23 10:56:44,0.2670721809718174,0.019869529299358465,0.002437305103172269,-0.039709584370896736,-0.04563183438937545,0.017664643783469613,-0.028176172701352614,-0.029039519966744438,0.047235512585282274,-0.7244251147081522,0.6808756634703128,0.5813041455176272,0.07398424978959145,-0.473587959345314,0.03364085581686701,-0.48698763788132277,0.27552932646799677,0.015915312148008936,0.018727262739104102,-0.0231662483342376,0.3993565320954554,-0.9258200997725518
2025-04-23 10:56:59,0.2670721809718174,0.019869529299358465,0.002437305103172269,-0.039709584370896736,-0.04563183438937545,0.017664643783469613,-0.028176172701352614,-0.029039519966744438,0.07858844805876125,-0.7152818717249172,0.6081055599888389,0.5585466633354859,0.08047547580250228,-0.4711882842313232,0.03878763114291268,-0.48491542597155773,0.27552932646799677,0.015915312148008936,0.018727262739104102,-0.0231662483342376,0.3993565320954554,-0.9258200997725518
2025-04-23 10:57:14,0.9421410542750177,0.6830855348012911,-0.1231265163087285,-0.14590238166740493,2.6558581008359843,2.965268447839154,-0.23972361051944555,-0.2212271958182051,0.13763827532529113,-0.4403243870921097,0.5854391819085993,0.5085469358098744,0.08084965460925829,-0.47164343914801077,0.03915158394283503,-0.48541509274087763,0.27552932646799677,0.015915312148008936,0.018727262739104102,-0.0231662483342376,0.24193888655573562,-0.9258200997725518
2025-04-23 10:57:29,0.9421410542750177,0.6830855348012911,-0.1231265163087285,-0.14590238166740493,-0.04563183438937545,0.017664643783469613,-0.028176172701352614,-0.029039519966744438,0.19668810259182196,-0.27006060272803395,0.562772803828362,0.4534388687223411,0.08122383341601495,-0.47210376241837704,0.03951553674275942,-0.4859215841982386,0.943457379314371,0.6799807774050842,-0.10399262996924868,-0.12712592769294323,0.24193888655573562,-0.9258200997725518
2025-04-23 10:57:44,0.9421410542750177,0.6830855348012911,-0.1231265163087285,-0.14590238166740493,-0.04563183438937545,0.017664643783469613,-0.028176172701352614,-0.029039519966744438,0.2557379298583523,-0.14934056949771154,0.5401064257481224,0.39263484576536267,0.08159801222277226,-0.4725693485289868,0.03987948954268076,-0.4864350616905864,0.943457379314371,0.6799807774050842,-0.10399262996924868,-0.12712592769294323,0.24193888655573562,-0.9258200997725518
2025-04-23 10:57:59,0.9421410542750177,0.6830855348012911,-0.1231265163087285,-0.14590238166740493,-0.04563183438937545,0.017664643783469613,-0.028176172701352614,-0.029039519966744438,0.31478775712488266,-0.06150034342166594,0.5174400476678829,0.32537648906084027,0.08197219102952892,-0.4730402954043051,0.04024344234260515,-0.4869556940248707,0.943457379314371,0.6799807774050842,-0.10399262996924868,-0.12712592769294323,0.24193888655573562,-0.9258200997725518
2025-04-23 10:58:14,2.1514415886984053,1.4698228733923393,-0.09479794285878264,-0.11405364607527785,4.793745822622118,3.5142478878331507,0.019551246415008466,0.028600307103333777,0.429919405718113,0.426304247841608,0.5425302559285928,0.46958459528780006,0.07640596393008665,-0.4754575456047517,0.036034508073018515,-0.4891134077608288,0.943457379314371,0.6799807774050842,-0.10399262996924868,-0.12712592769294323,0.18423666782935427,-0.9258200997725518
2025-04-23 10:58:29,2.1514415886984053,1.4698228733923393,-0.09479794285878264,-0.11405364607527785,-0.04563183438937545,0.017664643783469613,-0.028176172701352614,-0.029039519966744438,0.5450510543113443,0.7523591641061415,0.5676204641893005,0.597352880447728,0.0708397368306444,-0.47854618763806045,0.0318255738034329,-0.49178480717562684,2.139966036736517,1.4677257842391436,-0.07630567798525505,-0.09594693604351054,0.18423666782935427,-0.9258200997725518
2025-04-23 10:58:44,2.1514415886984053,1.4698228733923393,-0.09479794285878264,-0.11405364607527785,-0.04563183438937545,0.017664643783469613,-0.028176172701352614,-0.029039519966744438,0.6601827029045745,0.9919741797075994,0.5927106724500082,0.7122724022501148,0.06527350973120215,-0.48240083284656876,0.027616639533846264,-0.49504380319906727,2.139966036736517,1.4677257842391436,-0.07630567798525505,-0.09594693604351054,0.18423666782935427,-0.9258200997725518
2025-04-23 10:58:59,2.1514415886984053,1.4698228733923393,-0.09479794285878264,-0.11405364607527785,-0.04563183438937545,0.017664643783469613,-0.028176172701352614,-0.029039519966744438,0.7753143514978057,1.1721043792287196,0.6178008807107159,0.8167249586361528,0.05970728263176053,-0.48716666268681447,0.02340770526425963,-0.49900138711562064,2.139966036736517,1.4677257842391436,-0.07630567798525505,-0.09594693604351054,0.18423666782935427,-0.9258200997725518
2025-04-23 10:59:14,3.1434254310310275,1.1826137258431515,0.010111544577595012,-0.030411711510995625,3.9240881037481645,-1.258810545072794,0.14857325257435539,0.1223356148528553,0.9534689080361122,1.549530546604643,0.6452650943476996,0.8714899494674705,0.06646632673502297,-0.4813155890827174,0.028909605235630537,-0.49379222877881185,2.139966036736517,1.4677257842391436,-0.07630567798525505,-0.09594693604351054,0.3758777577152711,-0.9258200997725518
2025-04-23 10:59:29,3.1434254310310275,1.1826137258431515,0.010111544577595012,-0.030411711510995625,-0.04563183438937545,0.017664643783469613,-0.028176172701352614,-0.029039519966744438,1.1316234645744183,1.8144495435844457,0.6727293079846856,0.9208781787505576,0.0732253708382841,-0.47678168599716286,0.034411505207001446,-0.48973871454422324,3.121456759338246,1.180148773716011,0.02622768630322879,-0.014063899532421877,0.3758777577152711,-0.9258200997725518
2025-04-23 10:59:44,3.1434254310310275,1.1826137258431515,0.010111544577595012,-0.030411711510995625,-0.04563183438937545,0.017664643783469613,-0.028176172701352614,-0.029039519966744438,1.3097780211127246,1.9954494724622256,0.7001935216216693,0.9652861109100704,0.07998441494154782,-0.473324996612221,0.03991340517837032,-0.48662117651606324,3.121456759338246,1.180148773716011,0.02622768630322879,-0.014063899532421877,0.3758777577152711,-0.9258200997725518
2025-04-23 10:59:59,3.1434254310310275,1.1826137258431515,0.010111544577595012,-0.030411711510995625,-0.04563183438937545,0.017664643783469613,-0.028176172701352614,-0.029039519966744438,1.4879325776510306,2.106568010794765,0.727657735258653,1.005037533641282,0.08674345904480897,-0.4708008858771032,0.04541530514974122,-0.4843076456512371,3.121456759338246,1.180148773716011,0.02622768630322879,-0.014063899532421877,0.3758777577152711,-0.9258200997725518
2025-04-23 11:00:14,2.8919928925108427,1.2467564536551077,-0.10085655297016927,-0.11978924191623909,-1.0518143130405084,0.30274122054361685,-0.2151330242196738,-0.19079493350920151,1.6501745750710208,2.1185532291006237,0.7918848387348411,0.9896208154776814,0.08695288493097574,-0.4709750468949096,0.04568370045208334,-0.48452429480095494,3.121456759338246,1.180148773716011,0.02622768630322879,-0.014063899532421877,0.18369528934402396,1.080123449734643
2025-04-23 11:00:29,2.8919928925108427,1.2467564536551077,-0.10085655297016927,-0.11978924191623909,-0.04563183438937545,0.017664643783469613,-0.028176172701352614,-0.029039519966744438,1.81241657249101,2.080250149613734,0.8561119422110292,0.9534381632517088,0.08716231081714378,-0.47115035779127884,0.04595209575442545,-0.4847432424472961,2.872683852576509,1.24437365676157,-0.08222706500956427,-0.10156191860106167,0.18369528934402396,1.080123449734643
2025-04-23 11:00:44,2.8919928925108427,1.2467564536551077,-0.10085655297016927,-0.11978924191623909,-0.04563183438937545,0.017664643783469613,-0.028176172701352614,-0.029039519966744438,1.9746585699110002,1.9898168804285559,0.9203390456872196,0.89532778789983,0.08737173670330926,-0.47132682644266016,0.046220491056767565,-0.4849645115552132,2.872683852576509,1.24437365676157,-0.08222706500956427,-0.10156191860106167,0.18369528934402396,1.080123449734643
2025-04-23 11:00:59,2.8919928925108427,1.2467564536551077,-0.10085655297016927,-0.11978924191623909,-0.04563183438937545,0.017664643783469613,-0.028176172701352614,-0.029039519966744438,2.1369005673309895,1.8425256659449607,0.9845661491634077,0.8132328787977464,0.08758116258947667,-0.47150446085033854,0.04648888635910967,-0.4851881256450365,2.872683852576509,1.24437365676157,-0.08222706500956427,-0.10156191860106167,0.18369528934402396,1.080123449734643
2025-04-23 11:01:14,2.051218479407556,0.7813596123521022,-0.10057632427597102,-0.12000627694202262,-3.4102420313898048,-2.0507497015278044,-0.02770404895110227,-0.029432309856883904,2.2332056146104335,1.6725990611907073,1.027586936713615,0.665633354973098,0.08146103953979257,-0.4733846184665699,0.0417655132081313,-0.4866997261483232,2.872683852576509,1.24437365676157,-0.08222706500956427,-0.10156191860106167,0.18945996587096833,1.080123449734643
2025-04-23 11:01:29,2.051218479407556,0.7813596123521022,-0.10057632427597102,-0.12000627694202262,-0.04563183438937545,0.017664643783469613,-0.028176172701352614,-0.029039519966744438,2.329510661889878,1.469838595202564,1.0706077242638201,0.49196485646563703,0.07534091649010848,-0.47599886773669614,0.03704214005715293,-0.48876915384826364,2.0408030788722455,0.778380726275587,-0.08195318329029898,-0.10177438961853627,0.18945996587096833,1.080123449734643
2025-04-23 11:01:44,2.051218479407556,0.7813596123521022,-0.10057632427597102,-0.12000627694202262,-0.04563183438937545,0.017664643783469613,-0.028176172701352614,-0.029039519966744438,2.4258157091693224,1.2258406302704414,1.1136285118140274,0.2820261479441542,0.0692207934404244,-0.4794309897099041,0.03231876690617354,-0.49145482852756256,2.0408030788722455,0.778380726275587,-0.08195318329029898,-0.10177438961853627,0.18945996587096833,1.080123449734643
2025-04-23 11:01:59,2.051218479407556,0.7813596123521022,-0.10057632427597102,-0.12000627694202262,-0.04563183438937545,0.017664643783469613,-0.028176172701352614,-0.029039519966744438,2.522120756448767,0.9260923237092624,1.1566492993642348,0.014456632055593244,0.06310067039073966,-0.48381182620801233,0.027595393755195166,-0.49484556384130735,2.0408030788722455,0.778380726275587,-0.08195318329029898,-0.10177438961853627,0.18945996587096833,1.080123449734643
2025-04-23 11:02:14,0.8245476055933639,0.6969585558667738,-0.02351137890864992,-0.06734757659044763,-4.954522098027349,-0.3574482502037485,0.10166131993570184,0.06626217178236694,2.5157732710183573,0.9536098230743189,1.1574330630733374,0.01123127418551606,0.06901888628289009,-0.48294173641959176,0.032216302105215325,-0.4952082510028771,2.0408030788722455,0.778380726275587,-0.08195318329029898,-0.10177438961853627,0.43461776586761686,1.080123449734643
2025-04-23 11:02:29,0.8245476055933639,0.6969585558667738,-0.02351137890864992,-0.06734757659044763,-0.04563183438937545,0.017664643783469613,-0.028176172701352614,-0.029039519966744438,2.5094257855879483,0.9806538435370501,1.158216826782438,0.007990162745854401,0.07493710217503924,-0.48279036185464025,0.03683721045523446,-0.49613903872615445,0.8271078240147745,0.6938715673015052,-0.006633702561621867,-0.05022304392123348,0.43461776586761686,1.080123449734643
2025-04-23 11:02:44,0.8245476055933639,0.6969585558667738,-0.02351137890864992,-0.06734757659044763,-0.04563183438937545,0.017664643783469613,-0.028176172701352614,-0.029039519966744438,2.503078300157539,1.007242220635533,1.1590005904915406,0.004733151717474793,0.08085531806718967,-0.48335266198541643,0.0414581188052536,-0.49766782802177995,0.8271078240147745,0.6938715673015052,-0.006633702561621867,-0.05022304392123348,0.43461776586761686,1.080123449734643
2025-04-23 11:02:59,0.8245476055933639,0.6969585558667738,-0.02351137890864992,-0.06734757659044763,-0.04563183438937545,0.017664643783469613,-0.028176172701352614,-0.029039519966744438,2.49673081472713,1.033391626460634,1.1597843542006412,0.0014600925413282672,0.08677353395933947,-0.48464760499860665,0.04607902715527275,-0.4998485185432617,0.8271078240147745,0.6938715673015052,-0.006633702561621867,-0.05022304392123348,0.43461776586761686,1.080123449734643
2025-04-23 11:03:14,-0.6464327179260817,0.7408516013257472,-0.10270762374343487,-0.12128506842372946,-5.932199407054687,0.21274333110878976,-0.1616044364418605,-0.12665556795304636,2.3457065306660883,1.6040420087397789,1.1186007341854496,-0.02026052744689111,0.08630361341979924,-0.4842216606688111,0.04565364592137215,-0.49946151359894697,0.8271078240147745,0.6938715673015052,-0.006633702561621867,-0.05022304392123348,0.180475644327274,1.080123449734643
2025-04-23 11:03:29,-0.6464327179260817,0.7408516013257472,-0.10270762374343487,-0.12128506842372946,-0.04563183438937545,0.017664643783469613,-0.028176172701352614,-0.029039519966744438,2.1946822466050473,2.0309043964036535,1.0774171141702578,-0.05961555179606463,0.08583369288025965,-0.4838030910938515,0.04522826468747156,-0.49908250291386763,-0.628312596210095,0.7378208318133043,-0.08403621038389572,-0.10302628951937125,0.180475644327274,1.080123449734643
2025-04-23 11:03:44,-0.6464327179260817,0.7408516013257472,-0.10270762374343487,-0.12128506842372946,-0.04563183438937545,0.017664643783469613,-0.028176172701352614,-0.029039519966744438,2.043657962544007,2.366785031764247,1.0362334941550662,-0.1188520098742177,0.08536377234072007,-0.483391753177781,0.04480288345357097,-0.4987113116675156,-0.628312596210095,0.7378208318133043,-0.08403621038389572,-0.10302628951937125,0.180475644327274,1.080123449734643
2025-04-23 11:03:59,-0.6464327179260817,0.7408516013257472,-0.10270762374343487,-0.12128506842372946,-0.04563183438937545,0.017664643783469613,-0.028176172701352614,-0.029039519966744438,1.8926336784829658,2.6359987471228847,0.9950498741398746,-0.202154939074187,0.0848938518011792,-0.4829875098815363,0.04437750221966936,-0.4983477735530869,-0.628312596210095,0.7378208318133043,-0.08403621038389572,-0.10302628951937125,0.180475644327274,1.080123449734643
2025-04-23 11:04:14,-0.4983474504576814,0.9263756979303359,-0.1071296489735975,-0.12556705733668347,0.5469756393688764,0.8422097819572891,-0.03562631317086852,-0.03678906153786014,1.6960572487135763,2.718460733543422,0.9805735703685529,-0.22816913822703816,0.07792845765528249,-0.48608291904687206,0.03878008355579431,-0.5013892156621969,-0.628312596210095,0.7378208318133043,-0.08403621038389572,-0.10302628951937125,0.18121662596979157,1.080123449734643
2025-04-23 11:04:29,-0.4983474504576814,0.9263756979303359,-0.1071296489735975,-0.12556705733668347,-0.04563183438937545,0.017664643783469613,-0.028176172701352614,-0.029039519966744438,1.4994808189441877,2.737933593627536,0.9660972665972312,-0.2577136815886505,0.0709630635093845,-0.4904463177292001,0.03318266489191723,-0.5056299814418692,-0.4817937619592695,0.9235825512321304,-0.08835807997735932,-0.10721823290669238,0.18121662596979157,1.080123449734643
2025-04-23 11:04:44,-0.4983474504576814,0.9263756979303359,-0.1071296489735975,-0.12556705733668347,-0.04563183438937545,0.017664643783469613,-0.028176172701352614,-0.029039519966744438,1.3029043891747982,2.6953752249196845,0.9516209628259071,-0.2912039554633456,0.06399766936348586,-0.4963977042376719,0.027585246228042176,-0.5114569159321791,-0.4817937619592695,0.9235825512321304,-0.08835807997735932,-0.10721823290669238,0.18121662596979157,1.080123449734643
2025-04-23 11:04:59,-0.4983474504576814,0.9263756979303359,-0.1071296489735975,-0.12556705733668347,-0.04563183438937545,0.017664643783469613,-0.028176172701352614,-0.029039519966744438,1.1063279594054092,2.5886659252181916,0.9371446590545854,-0.3291941207082564,0.05703227521758915,-0.5045836939704516,0.02198782756416611,-0.519753217636346,-0.4817937619592695,0.9235825512321304,-0.08835807997735932,-0.10721823290669238,0.18121662596979157,1.080123449734643
2025-04-23 11:05:14,-0.2534131684002442,0.9673117018159874,0.00521082956921913,-0.03600316706887318,0.9345459281137193,0.19960102616143244,0.16109283911878983,0.1330531675695289,0.9365445287110322,2.4415942560161485,0.9213572790631127,-0.3909207344883891,0.06333382421272084,-0.49693350558266725,0.02691646016020166,-0.5122708192220871,-0.4817937619592695,0.9235825512321304,-0.08835807997735932,-0.10721823290669238,0.38680697549933407,1.080123449734643
2025-04-23 11:05:29,-0.2534131684002442,0.9673117018159874,0.00521082956921913,-0.03600316706887318,-0.04563183438937545,0.017664643783469613,-0.028176172701352614,-0.029039519966744438,0.7667610980166567,2.2357351652408255,0.9055698990716423,-0.46341972958891736,0.06963537320785251,-0.4912047833938127,0.03184509275623823,-0.506821466982503,-0.23945037366254665,0.9645709867351566,0.021437968904861198,-0.019537772918790587,0.38680697549933407,1.080123449734643
2025-04-23 11:05:44,-0.2534131684002442,0.9673117018159874,0.00521082956921913,-0.03600316706887318,-0.04563183438937545,0.017664643783469613,-0.028176172701352614,-0.029039519966744438,0.5969776673222796,1.959421633568796,0.8897825190801696,-0.55142214457858,0.07593692220298419,-0.486856001236949,0.03677372535227277,-0.5027076455003017,-0.23945037366254665,0.9645709867351566,0.021437968904861198,-0.019537772918790587,0.38680697549933407,1.080123449734643
2025-04-23 11:05:59,-0.2534131684002442,0.9673117018159874,0.00521082956921913,-0.03600316706887318,-0.04563183438937545,0.017664643783469613,-0.028176172701352614,-0.029039519966744438,0.42719423662790273,1.5914055854046072,0.8739951390886969,-0.6655860023351079,0.08223847119811524,-0.48360743362752706,0.04170235794831035,-0.49960577997061434,-0.23945037366254665,0.9645709867351566,0.021437968904861198,-0.019537772918790587,0.38680697549933407,1.080123449734643
2025-04-23 11:06:14,-0.022725063972674972,0.996423862568546,-0.10389592489244277,-0.12485757049707778,0.8775355888661038,0.14705102026812497,-0.21199707027738593,-0.18984817854604163,0.3152464489519445,1.3714359307990263,0.8861453083740475,-0.6439951383123602,0.08204125104024836,-0.48343225347040664,0.04141698542558439,-0.4993365911194088,-0.23945037366254665,0.9645709867351566,0.021437968904861198,-0.019537772918790587,0.20952706672250404,1.080123449734643
2025-04-23 11:06:29,-0.022725063972674972,0.996423862568546,-0.10389592489244277,-0.12485757049707778,-0.04563183438937545,0.017664643783469613,-0.028176172701352614,-0.029039519966744438,0.20329866127598578,1.0958870222173591,0.8982954776593981,-0.6270519894628084,0.08184403088238147,-0.48325834187992833,0.041131612902860465,-0.4990710974173713,-0.011202468154507449,0.9937204349004727,-0.08519759738113505,-0.10652366579637619,0.20952706672250404,1.080123449734643
2025-04-23 11:06:44,-0.022725063972674972,0.996423862568546,-0.10389592489244277,-0.12485757049707778,-0.04563183438937545,0.017664643783469613,-0.028176172701352614,-0.029039519966744438,0.09135087360002708,0.7405678874420273,0.9104456469447486,-0.6142069114286551,0.08164681072451457,-0.48308568867711,0.04084624038013654,-0.4988092421535217,-0.011202468154507449,0.9937204349004727,-0.08519759738113505,-0.10652366579637619,0.20952706672250404,1.080123449734643
2025-04-23 11:06:59,-0.022725063972674972,0.996423862568546,-0.10389592489244277,-0.12485757049707778,-0.04563183438937545,0.017664643783469613,-0.028176172701352614,-0.029039519966744438,-0.020596914075931606,0.24568792272581355,0.9225958162300992,-0.6051001841073645,0.08144959056664769,-0.4829142838640631,0.04056086785741059,-0.4985509705252439,-0.011202468154507449,0.9937204349004727,-0.08519759738113505,-0.10652366579637619,0.20952706672250404,1.080123449734643
2025-04-23 11:07:14,0.5867364123508586,-1.4509084774525287,-0.12898214551845213,-0.1522920511498994,2.3933104858798138,-10.859283523013447,-0.07044094003877524,-0.07869043047186797,-0.033433539765696914,0.19337011085561537,0.8012509249662637,0.8184151664551955,0.075183487006498,-0.4818323685331486,0.035564093549395256,-0.4965132069300014,-0.011202468154507449,0.9937204349004727,-0.08519759738113505,-0.10652366579637619,0.2516550667104964,1.080123449734643
2025-04-23 11:07:29,0.5867364123508586,-1.4509084774525287,-0.12898214551845213,-0.1522920511498994,-0.04563183438937545,0.017664643783469613,-0.028176172701352614,-0.029039519966744438,-0.0462701654554627,0.13812888603902018,0.6799060337024305,1.4954836524783086,0.06891738344634894,-0.4815455165005129,0.030567319241378905,-0.49519919401125756,0.5918121771123913,-1.4567464952285918,-0.1097156334608346,-0.13338122944145525,0.2516550667104964,1.080123449734643
2025-04-23 11:07:44,0.5867364123508586,-1.4509084774525287,-0.12898214551845213,-0.1522920511498994,-0.04563183438937545,0.017664643783469613,-0.028176172701352614,-0.029039519966744438,-0.059106791145228474,0.07956918794040334,0.5585611424385973,1.9781640534979983,0.06265127988619988,-0.4820433703951192,0.025570544933362558,-0.4945580956153604,0.5918121771123913,-1.4567464952285918,-0.1097156334608346,-0.13338122944145525,0.2516550667104964,1.080123449734643
2025-04-23 11:07:59,0.5867364123508586,-1.4509084774525287,-0.12898214551845213,-0.1522920511498994,-0.04563183438937545,0.017664643783469613,-0.028176172701352614,-0.029039519966744438,-0.07194341683499425,0.01719017560802835,0.43721625117476415,2.350412595324299,0.05638517632605083,-0.48334402442610164,0.020573770625345194,-0.4945668533537687,0.5918121771123913,-1.4567464952285918,-0.1097156334608346,-0.13338122944145525,0.2516550667104964,1.080123449734643
2025-04-23 11:08:14,0.3984119414015951,-1.3845349989799964,0.02064806130097844,-0.0230938709607873,-0.7992685119874154,0.31265559094250045,0.2239178342897547,0.2047832872944044,-0.015544558510175631,0.022602624408054307,0.3171414039393914,2.6225944266226406,0.06371383735760537,-0.47602195804399466,0.026349770245106586,-0.4883410521039834,0.5918121771123913,-1.4567464952285918,-0.1097156334608346,-0.13338122944145525,0.4073328665727768,1.080123449734643
2025-04-23 11:08:29,0.3984119414015951,-1.3845349989799964,0.02064806130097844,-0.0230938709607873,-0.04563183438937545,0.017664643783469613,-0.028176172701352614,-0.029039519966744438,0.04085429981464299,0.011058046288922062,0.19706655670401632,2.8387809325389997,0.07104249838915927,-0.4702878404741293,0.032125769864867974,-0.4833991835454446,0.40547978621281994,-1.3902880043343093,0.036525558630415116,-0.00689994513470863,0.4073328665727768,1.080123449734643
2025-04-23 11:08:44,0.3984119414015951,-1.3845349989799964,0.02064806130097844,-0.0230938709607873,-0.04563183438937545,0.017664643783469613,-0.028176172701352614,-0.029039519966744438,0.09725315813946162,-0.017963800042592334,0.07699170946864356,3.00794409328758,0.07837115942071382,-0.46580907991113674,0.037901769484629366,-0.47947351996529064,0.40547978621281994,-1.3902880043343093,0.036525558630415116,-0.00689994513470863,0.4073328665727768,1.080123449734643
2025-04-23 11:08:59,0.3984119414015951,-1.3845349989799964,0.02064806130097844,-0.0230938709607873,-0.04563183438937545,0.017664643783469613,-0.028176172701352614,-0.029039519966744438,0.15365201646428023,-0.06587003185771131,-0.043083137766729215,3.1357967521985395,0.08569982045226836,-0.46238867476808765,0.04367776910438974,-0.4764028188696115,0.40547978621281994,-1.3902880043343093,0.036525558630415116,-0.00689994513470863,0.4073328665727768,1.080123449734643
2025-04-23 11:09:14,0.33772992997884915,-1.4143431885239364,-0.06597739223038868,-0.08833416197810615,-0.28846904639951965,-0.1148151699768064,-0.17412102001749302,-0.1471113687333059,0.19878198799341398,-0.10675683284963748,-0.17532329712010006,3.205774835758712,0.08814470931365997,-0.4635083900798746,0.04586795717613465,-0.47718902310982186,0.40547978621281994,-1.3902880043343093,0.036525558630415116,-0.00689994513470863,0.20526455339602528,1.080123449734643
2025-04-23 11:09:29,0.33772992997884915,-1.4143431885239364,-0.06597739223038868,-0.08833416197810615,-0.04563183438937545,0.017664643783469613,-0.028176172701352614,-0.029039519966744438,0.24391195952254774,-0.16207753141523196,-0.3075634564734709,3.233727693739285,0.09058959817505285,-0.4647381483428682,0.04805814524788058,-0.4780796444950705,0.34543966388563935,-1.420134372778006,-0.048137891746018,-0.07076830445941516,0.20526455339602528,1.080123449734643
2025-04-23 11:09:44,0.33772992997884915,-1.4143431885239364,-0.06597739223038868,-0.08833416197810615,-0.04563183438937545,0.017664643783469613,-0.028176172701352614,-0.029039519966744438,0.2890419310516815,-0.2344546352538626,-0.43980361582683947,3.22048175215613,0.09303448703644575,-0.46608289888530535,0.050248333319626505,-0.4790785779121184,0.34543966388563935,-1.420134372778006,-0.048137891746018,-0.07076830445941516,0.20526455339602528,1.080123449734643
2025-04-23 11:09:59,0.33772992997884915,-1.4143431885239364,-0.06597739223038868,-0.08833416197810615,-0.04563183438937545,0.017664643783469613,-0.028176172701352614,-0.029039519966744438,0.33417190258081525,-0.3284022201042472,-0.5720437751802103,3.165648151209436,0.09547937589783673,-0.46754840010675774,0.052438521391371416,-0.4801904262982087,0.34543966388563935,-1.420134372778006,-0.048137891746018,-0.07076830445941516,0.20526455339602528,1.080123449734643
2025-04-23 11:10:14,0.3682387210165152,-1.5766173296002712,-0.07268470869171033,-0.09338029800512561,0.07645821476495863,-0.7035481610469466,-0.03947652654589746,-0.03817201463448858,0.36772756707656057,-0.37580406822803236,-0.7157643998331547,3.0809911884578733,0.09085153895964236,-0.46964019127672724,0.04906336867876936,-0.4819856154561089,0.34543966388563935,-1.420134372778006,-0.048137891746018,-0.07076830445941516,0.1892843766660501,1.080123449734643
2025-04-23 11:10:29,0.3682387210165152,-1.5766173296002712,-0.07268470869171033,-0.09338029800512561,-0.04563183438937545,0.017664643783469613,-0.028176172701352614,-0.029039519966744438,0.4012832315723073,-0.4360890775537276,-0.859485024486099,2.9428243777216063,0.08622370202144736,-0.47216233322432705,0.04568821596616629,-0.48407696558153307,0.37562573555677803,-1.5826163576804868,-0.05469329239597264,-0.07570832578595203,0.1892843766660501,1.080123449734643
2025-04-23 11:10:44,0.3682387210165152,-1.5766173296002712,-0.07268470869171033,-0.09338029800512561,-0.04563183438937545,0.017664643783469613,-0.028176172701352614,-0.029039519966744438,0.4348388960680531,-0.5129237208383034,-1.0032056491390433,2.745299390614275,0.08159586508325427,-0.4751594498117013,0.04231306325356322,-0.48649340728126045,0.37562573555677803,-1.5826163576804868,-0.05469329239597264,-0.07570832578595203,0.1892843766660501,1.080123449734643
2025-04-23 11:10:59,0.3682387210165152,-1.5766173296002712,-0.07268470869171033,-0.09338029800512561,-0.04563183438937545,0.017664643783469613,-0.028176172701352614,-0.029039519966744438,0.46839456056379936,-0.6134156302394808,-1.1469262737919854,2.4784454309554067,0.07696802814505863,-0.47869303795166657,0.038937910540960144,-0.4892732907721612,0.37562573555677803,-1.5826163576804868,-0.05469329239597264,-0.07570832578595203,0.1892843766660501,1.080123449734643
2025-04-23 11:11:14,0.2617405189709551,-1.4009240992789198,0.02841777421527799,-0.013511368219511865,-0.4718162317500552,0.7985173821761625,0.1421592867926652,0.11550723253456985,0.4837495073183226,-0.6579848162795231,-1.2823657229008962,2.098275432180013,0.08482889203829913,-0.47367625781686173,0.045487740247027876,-0.48497202250675303,0.37562573555677803,-1.5826163576804868,-0.05469329239597264,-0.07570832578595203,0.38167296763159386,1.080123449734643
2025-04-23 11:11:29,0.2617405189709551,-1.4009240992789198,0.02841777421527799,-0.013511368219511865,-0.04563183438937545,0.017664643783469613,-0.028176172701352614,-0.029039519966744438,0.49910445407284637,-0.7103929831943878,-1.4178051720098046,1.5963562808215648,0.09268975593153965,-0.47001928657165065,0.052037569953093575,-0.4818347387441368,0.2702540623290272,-1.406698096106616,0.04411929323084336,0.002481048094571985,0.38167296763159386,1.080123449734643
2025-04-23 11:11:44,0.2617405189709551,-1.4009240992789198,0.02841777421527799,-0.013511368219511865,-0.04563183438937545,0.017664643783469613,-0.028176172701352614,-0.029039519966744438,0.5144594008273696,-0.7739329973887124,-1.5532446211187154,0.8796513886494168,0.10055061982477952,-0.46753675251859284,0.05858739965916029,-0.4797069701381541,0.2702540623290272,-1.406698096106616,0.04411929323084336,0.002481048094571985,0.38167296763159386,1.080123449734643
2025-04-23 11:11:59,0.2617405189709551,-1.4009240992789198,0.02841777421527799,-0.013511368219511865,-0.04563183438937545,0.017664643783469613,-0.028176172701352614,-0.029039519966744438,0.5298143475818934,-0.855813430984415,-1.688684070227624,-0.7966448509230889,0.10841148371802067,-0.46612189978275675,0.06513722936522802,-0.4784994169654183,0.2702540623290272,-1.406698096106616,0.04411929323084336,0.002481048094571985,0.38167296763159386,1.080123449734643
2025-04-23 11:12:14,0.0793545666628991,-1.5190458052845863,-0.11371937765076498,-0.13528210701980922,-0.7755037540881651,-0.5073166399543145,-0.26764602920870384,-0.2494201472083432,0.5024267770219273,-0.8287671397223988,-1.6925335248300395,-0.790057919160725,0.10931825710317304,-0.46749295157708426,0.06613782242617598,-0.4801794632901728,0.2702540623290272,-1.406698096106616,0.04411929323084336,0.002481048094571985,0.22214783367709315,1.080123449734643
2025-04-23 11:12:29,0.0793545666628991,-1.5190458052845863,-0.11371937765076498,-0.13528210701980922,-0.04563183438937545,0.017664643783469613,-0.028176172701352614,-0.029039519966744438,0.4750392064619616,-0.8177142670673733,-1.696382979432457,-0.7842094454028649,0.11022503048832606,-0.46890149318714835,0.06713841548712295,-0.4819216679820436,0.08979737293144482,-1.524971094654423,-0.09479855612045401,-0.11672898576115984,0.22214783367709315,1.080123449734643
2025-04-23 11:12:44,0.0793545666628991,-1.5190458052845863,-0.11371937765076498,-0.13528210701980922,-0.04563183438937545,0.017664643783469613,-0.028176172701352614,-0.029039519966744438,0.44765163590199547,-0.8210217343209256,-1.7002324340348725,-0.7790505763161919,0.11113180387347907,-0.47034956190871974,0.0681390085480699,-0.48373088158644184,0.08979737293144482,-1.524971094654423,-0.09479855612045401,-0.11672898576115984,0.22214783367709315,1.080123449734643
2025-04-23 11:12:59,0.0793545666628991,-1.5190458052845863,-0.11371937765076498,-0.13528210701980922,-0.04563183438937545,0.017664643783469613,-0.028176172701352614,-0.029039519966744438,0.4202640653420298,-0.8391526896671065,-1.7040818886372902,-0.7745417431994385,0.11203857725863207,-0.47183940916166295,0.0691396016090189,-0.48561269122900014,0.08979737293144482,-1.524971094654423,-0.09479855612045401,-0.11672898576115984,0.22214783367709315,1.080123449734643
2025-04-23 11:13:14,0.029385954199748206,-1.5377391499673994,-0.10882704594681797,-0.12809726354152626,-0.24559617726576427,-0.06541624304748521,-0.019933669205611414,-0.016036393534429146,0.40034469820494234,-0.8117309590797753,-1.7127372386912474,-0.7751934113845863,0.10434635640394173,-0.4718093027410781,0.0629628813806204,-0.48524867776040514,0.08979737293144482,-1.524971094654423,-0.09479855612045401,-0.11672898576115984,0.19207220316866952,1.080123449734643
2025-04-23 11:13:29,0.029385954199748206,-1.5377391499673994,-0.10882704594681797,-0.12809726354152626,-0.04563183438937545,0.017664643783469613,-0.028176172701352614,-0.029039519966744438,0.38042533106785487,-0.7932951257929467,-1.7213925887452048,-0.7786665123127502,0.09665413554925074,-0.47281419719145906,0.0567861611522229,-0.48573446386608593,0.04035732415147803,-1.5436883821309342,-0.09001703215080246,-0.1096952316529672,0.19207220316866952,1.080123449734643
2025-04-23 11:13:44,0.029385954199748206,-1.5377391499673994,-0.10882704594681797,-0.12809726354152626,-0.04563183438937545,0.017664643783469613,-0.028176172701352614,-0.029039519966744438,0.3605059639307669,-0.7824776340941131,-1.730047938799162,-0.7850744308374541,0.08896191469456104,-0.4748966995357198,0.0506094409238244,-0.4870895141911869,0.04035732415147803,-1.5436883821309342,-0.09001703215080246,-0.1096952316529672,0.19207220316866952,1.080123449734643
2025-04-23 11:13:59,0.029385954199748206,-1.5377391499673994,-0.10882704594681797,-0.12809726354152626,-0.04563183438937545,0.017664643783469613,-0.028176172701352614,-0.029039519966744438,0.3405865967936789,-0.7786059801619686,-1.7387032888531195,-0.7946430582578135,0.08126969383987133,-0.47815298287517904,0.044432720695426905,-0.48937141500732934,0.04035732415147803,-1.5436883821309342,-0.09001703215080246,-0.1096952316529672,0.19207220316866952,1.080123449734643
2025-04-23 11:14:14,-0.18354669849834435,-1.5042649205781713,0.00569401021073468,-0.035310171884180175,-0.897745508850519,0.16643784145508922,0.16476663306814449,0.13888651596627985,0.3124490105457466,-0.7192542301959813,-1.743783464966961,-0.802313083308073,0.08552774983427483,-0.4749074893123588,0.04755180422362551,-0.4869355963947223,0.04035732415147803,-1.5436883821309342,-0.09001703215080246,-0.1096952316529672,0.3840694878828883,1.080123449734643
2025-04-23 11:14:29,-0.18354669849834435,-1.5042649205781713,0.00569401021073468,-0.035310171884180175,-0.04563183438937545,0.017664643783469613,-0.028176172701352614,-0.029039519966744438,0.28431142429781425,-0.6775591441124434,-1.7488636410808027,-0.8113452691016071,0.08978580582867769,-0.4721156389919014,0.050670887751823095,-0.4848036291621264,-0.17032294526774594,-1.51017127830794,0.021910205858298816,-0.018859350661990494,0.3840694878828883,1.080123449734643
2025-04-23 11:14:44,-0.18354669849834435,-1.5042649205781713,0.00569401021073468,-0.035310171884180175,-0.04563183438937545,0.017664643783469613,-0.028176172701352614,-0.029039519966744438,0.256173838049881,-0.6490614794024442,-1.7539438171946444,-0.8219055281870609,0.09404386182308057,-0.4697289404622283,0.05378997128002169,-0.48294682621283,-0.17032294526774594,-1.51017127830794,0.021910205858298816,-0.018859350661990494,0.3840694878828883,1.080123449734643
2025-04-23 11:14:59,-0.18354669849834435,-1.5042649205781713,0.00569401021073468,-0.035310171884180175,-0.04563183438937545,0.017664643783469613,-0.028176172701352614,-0.029039519966744438,0.22803625180194814,-0.6315657445182188,-1.7590239933084861,-0.8342241902897881,0.09830191781748407,-0.4677113027307943,0.0569090548082203,-0.4813430860967636,-0.17032294526774594,-1.51017127830794,0.021910205858298816,-0.018859350661990494,0.3840694878828883,1.080123449734643
2025-04-23 11:15:14,-0.27415760249285975,-1.3210364220370827,-0.09571546584140213,-0.11734644343454605,-0.4082384584588462,0.8320072031165775,-0.1990288481621483,-0.17750872660005107,0.1933608396107214,-0.6103742643662285,-1.7445848139010738,-0.7966069487399602,0.09693364190552106,-0.46687362663942905,0.055499270118104474,-0.48052618001628145,-0.17032294526774594,-1.51017127830794,0.021910205858298816,-0.018859350661990494,0.21298367765335893,1.080123449734643
2025-04-23 11:15:29,-0.27415760249285975,-1.3210364220370827,-0.09571546584140213,-0.11734644343454605,-0.04563183438937545,0.017664643783469613,-0.028176172701352614,-0.029039519966744438,0.15868542741949415,-0.6035642195549493,-1.730145634493659,-0.7715723133078899,0.0955653659935555,-0.46607475908763607,0.05408948542798662,-0.4797593715371982,-0.2599753749162446,-1.3267080971985559,-0.0772024197434972,-0.09917048948948395,0.21298367765335893,1.080123449734643
2025-04-23 11:15:44,-0.27415760249285975,-1.3210364220370827,-0.09571546584140213,-0.11734644343454605,-0.04563183438937545,0.017664643783469613,-0.028176172701352614,-0.029039519966744438,0.12401001522826693,-0.6105871547634137,-1.7157064550862466,-0.7558254728187357,0.09419709008159058,-0.4653135766918384,0.0526797007378708,-0.479041052522841,-0.2599753749162446,-1.3267080971985559,-0.0772024197434972,-0.09917048948948395,0.21298367765335893,1.080123449734643
2025-04-23 11:15:59,-0.27415760249285975,-1.3210364220370827,-0.09571546584140213,-0.11734644343454605,-0.04563183438937545,0.017664643783469613,-0.028176172701352614,-0.029039519966744438,0.08933460303703923,-0.6320091481353188,-1.7012672756788318,-0.7478824441662857,0.09282881416962757,-0.4645890490640062,0.051269916047753966,-0.4783697784174781,-0.2599753749162446,-1.3267080971985559,-0.0772024197434972,-0.09917048948948395,0.21298367765335893,1.080123449734643
2025-04-23 11:16:14,-0.19429385973580518,-1.3919794808356403,-0.09790762713618574,-0.11952374102322544,0.2739668106968835,-0.29763539157637514,-0.031869482605279394,-0.03297999214431499,0.06471867751517392,-0.6524741010792974,-1.7007619446990454,-0.7467243988258031,0.08532371989005194,-0.46824317527204307,0.04503384356034678,-0.4816949320528293,-0.2599753749162446,-1.3267080971985559,-0.0772024197434972,-0.09917048948948395,0.21401711948090502,1.080123449734643
2025-04-23 11:16:29,-0.19429385973580518,-1.3919794808356403,-0.09790762713618574,-0.11952374102322544,-0.04563183438937545,0.017664643783469613,-0.028176172701352614,-0.029039519966744438,0.04010275199330767,-0.6818484355965629,-1.7002566137192614,-0.7455794353271225,0.07781862561047567,-0.47306148384385077,0.0387977710729396,-0.4860569307471191,-0.1809564239583553,-1.3977420212248164,-0.07934493018854608,-0.10130200090033399,0.21401711948090502,1.080123449734643
2025-04-23 11:16:44,-0.19429385973580518,-1.3919794808356403,-0.09790762713618574,-0.11952374102322544,-0.04563183438937545,0.017664643783469613,-0.028176172701352614,-0.029039519966744438,0.01548682647144236,-0.721977240054271,-1.699751282739475,-0.7444474038084467,0.07031353133090132,-0.47928806848995426,0.032561698585532414,-0.49168521605091847,-0.1809564239583553,-1.3977420212248164,-0.07934493018854608,-0.10130200090033399,0.21401711948090502,1.080123449734643
2025-04-23 11:16:59,-0.19429385973580518,-1.3919794808356403,-0.09790762713618574,-0.11952374102322544,-0.04563183438937545,0.017664643783469613,-0.028176172701352614,-0.029039519966744438,-0.00912909905042342,-0.7763411165781584,-1.6992459517596907,-0.7433281583427178,0.06280843705132569,-0.48735439999394264,0.02632562609812523,-0.4989915931315313,-0.1809564239583553,-1.3977420212248164,-0.07934493018854608,-0.10130200090033399,0.21401711948090502,1.080123449734643
2025-04-23 11:17:14,-0.06272505086354388,-1.4282118864292241,-0.02654688950687261,-0.06837258336306312,0.48088009204389137,-0.14336701961390141,0.09205098378800512,0.06353382171074692,-0.016798304370259733,-0.7934666387784525,-1.6941142411670007,-0.7474396455067143,0.06798742508623934,-0.48605432046330266,0.030261512340327573,-0.49852374529210564,-0.1809564239583553,-1.3977420212248164,-0.07934493018854608,-0.10130200090033399,0.4126917744262463,1.080123449734643
2025-04-23 11:17:29,-0.06272505086354388,-1.4282118864292241,-0.02654688950687261,-0.06837258336306312,-0.04563183438937545,0.017664643783469613,-0.028176172701352614,-0.029039519966744438,-0.02446750969009604,-0.8125574722046751,-1.6889825305743127,-0.7525146675508819,0.07316641312115556,-0.4853450905100523,0.03419739858252991,-0.4984894060574841,-0.05077933862576504,-1.434020833977046,-0.009600461065306988,-0.051226495926778415,0.4126917744262463,1.080123449734643
2025-04-23 11:17:44,-0.06272505086354388,-1.4282118864292241,-0.02654688950687261,-0.06837258336306312,-0.04563183438937545,0.017664643783469613,-0.028176172701352614,-0.029039519966744438,-0.03213671500993235,-0.8339734799546206,-1.6838508199816224,-0.7586045699289686,0.07834540115607112,-0.48520672078885557,0.03813328482473225,-0.4988877135813246,-0.05077933862576504,-1.434020833977046,-0.009600461065306988,-0.051226495926778415,0.4126917744262463,1.080123449734643
2025-04-23 11:17:59,-0.06272505086354388,-1.4282118864292241,-0.02654688950687261,-0.06837258336306312,-0.04563183438937545,0.017664643783469613,-0.028176172701352614,-0.029039519966744438,-0.039805920329768193,-0.8582322897949152,-1.6787191093889346,-0.7657759182512134,0.08352438919098543,-0.4856354179782498,0.04206917106693358,-0.49972880823368,-0.05077933862576504,-1.434020833977046,-0.009600461065306988,-0.051226495926778415,0.4126917744262463,1.080123449734643
2025-04-23 11:18:14,0.11698744997641775,-1.3518735237074124,-0.09216823077245678,-0.11251395078598056,0.6735414699251338,0.35694362150340486,-0.13873370794378753,-0.10892654648727884,-0.03507734723017493,-0.8362083128704688,-1.668218531905166,-0.7713146005109753,0.08451410287589838,-0.4865470356635194,0.042985843954894735,-0.5005646400334175,-0.05077933862576504,-1.434020833977046,-0.009600461065306988,-0.051226495926778415,0.1957530796888911,1.080123449734643
2025-04-23 11:18:29,0.11698744997641775,-1.3518735237074124,-0.09216823077245678,-0.11251395078598056,-0.04563183438937545,0.017664643783469613,-0.028176172701352614,-0.029039519966744438,-0.030348774130582144,-0.8160665195699429,-1.6577179544213974,-0.781146528334939,0.08550381656081069,-0.4874937831986659,0.04390251684285487,-0.5014394220306583,0.1270321788433206,-1.3575846956189894,-0.07373552695401875,-0.09443961885571178,0.1957530796888911,1.080123449734643
2025-04-23 11:18:44,0.11698744997641775,-1.3518735237074124,-0.09216823077245678,-0.11251395078598056,-0.04563183438937545,0.017664643783469613,-0.028176172701352614,-0.029039519966744438,-0.025620201030988415,-0.7974809662698098,-1.6472173769376266,-0.7957807528296644,0.086493530245723,-0.4884773338303512,0.04481918973081603,-0.5023552682881746,0.1270321788433206,-1.3575846956189894,-0.07373552695401875,-0.09443961885571178,0.1957530796888911,1.080123449734643
2025-04-23 11:18:59,0.11698744997641775,-1.3518735237074124,-0.09216823077245678,-0.11251395078598056,-0.04563183438937545,0.017664643783469613,-0.028176172701352614,-0.029039519966744438,-0.020891627931394683,-0.7802147305772412,-1.636716799453858,-0.8161395157611737,0.0874832439306353,-0.48949954040415133,0.045735862618775144,-0.50331455946214,0.1270321788433206,-1.3575846956189894,-0.07373552695401875,-0.09443961885571178,0.1957530796888911,1.080123449734643
2025-04-23 11:19:14,0.04224634692310107,-0.7553941421343849,0.0011496158552220513,-0.010786966089620879,-0.34473070508414316,2.668663533405886,0.1290438858697238,0.15506593028881008,-0.0087037205082499,-0.7706960379366258,-1.594408946234243,-0.5028244556915493,0.08721325778598941,-0.48997226067359356,0.047178415831330006,-0.4999498579992798,0.1270321788433206,-1.3575846956189894,-0.07373552695401875,-0.09443961885571178,0.04851566905589977,1.080123449734643
2025-04-23 11:19:29,0.04224634692310107,-0.7553941421343849,0.0011496158552220513,-0.010786966089620879,-0.04563183438937545,0.017664643783469613,-0.028176172701352614,-0.029039519966744438,0.0034841869148953537,-0.7638139775892927,-1.5521010930146282,-0.3383620964924627,0.08694327164134481,-0.4904505329022149,0.04862096904388487,-0.49685086762571185,0.0530816807471505,-0.7603413318362214,0.017468738710659928,0.005148159038799411,0.04851566905589977,1.080123449734643
2025-04-23 11:19:44,0.04224634692310107,-0.7553941421343849,0.0011496158552220513,-0.010786966089620879,-0.04563183438937545,0.017664643783469613,-0.028176172701352614,-0.029039519966744438,0.01567209433804061,-0.7594279147155839,-1.5097932397950133,-0.22728280085912073,0.08667328549669893,-0.4909344964222199,0.0500635222564377,-0.4939740281516909,0.0530816807471505,-0.7603413318362214,0.017468738710659928,0.005148159038799411,0.04851566905589977,1.080123449734643
2025-04-23 11:19:59,0.04224634692310107,-0.7553941421343849,0.0011496158552220513,-0.010786966089620879,-0.04563183438937545,0.017664643783469613,-0.028176172701352614,-0.029039519966744438,0.027860001761185863,-0.7574534376002872,-1.467485386575396,-0.14948014483087627,0.0864032993520537,-0.4914242970109843,0.05150607546899154,-0.49128706372000064,0.0530816807471505,-0.7603413318362214,0.017468738710659928,0.005148159038799411,0.04851566905589977,1.080123449734643
2025-04-23 11:20:14,0.0893698600097424,-0.6813340848352936,0.11177457026490133,0.09904473376199095,0.142946992676237,0.34681789824718073,0.15820255805853278,0.16973384006028794,0.047482568304290554,-0.76671943269416,-1.4313450625493744,-0.04851902912610829,0.09873045023691474,-0.47233735870428856,0.06423507144318306,-0.469298104781694,0.0530816807471505,-0.7603413318362214,0.017468738710659928,0.005148159038799411,0.0037827381411701497,1.080123449734643
2025-04-23 11:20:29,0.0893698600097424,-0.6813340848352936,0.11177457026490133,0.09904473376199095,-0.04563183438937545,0.017664643783469613,-0.028176172701352614,-0.029039519966744438,0.06710513484739523,-0.7827279185212942,-1.3952047385233528,0.030967450330128665,0.11105760112177833,-0.45941572984566076,0.07696406741737458,-0.4545136258438272,0.09970672536701146,-0.6861864169980821,0.1255881188264323,0.11267021882703525,0.0037827381411701497,1.080123449734643
2025-04-23 11:20:44,0.0893698600097424,-0.6813340848352936,0.11177457026490133,0.09904473376199095,-0.04563183438937545,0.017664643783469613,-0.028176172701352614,-0.029039519966744438,0.0867277013905004,-0.8064295469159,-1.359064414497329,0.09348896175796302,0.12338475200664194,-0.45018746588547576,0.0896930633915661,-0.44389873390804957,0.09970672536701146,-0.6861864169980821,0.1255881188264323,0.11267021882703525,0.0037827381411701497,1.080123449734643
2025-04-23 11:20:59,0.0893698600097424,-0.6813340848352936,0.11177457026490133,0.09904473376199095,-0.04563183438937545,0.017664643783469613,-0.028176172701352614,-0.029039519966744438,0.10635026793360508,-0.8396011549317558,-1.3229240904713073,0.14173149188084266,0.13571190289150298,-0.44366888946866895,0.10242205936575864,-0.43628701971114575,0.09970672536701146,-0.6861864169980821,0.1255881188264323,0.11267021882703525,0.0037827381411701497,1.080123449734643
